{"cameraMode":{"drawMode":0,"name":"Shaded","section":"Shading Mode"},"sceneLighting":false,"audioPlay":false,"sceneViewState":{"m_AlwaysRefresh":false,"showFog":true,"showSkybox":false,"showFlares":true,"showImageEffects":true,"showParticleSystems":true,"showVisualEffectGraphs":true,"m_FxEnabled":true},"in2DMode":false,"pivot":{"x":14.69999885559082,"y":3.792604923248291,"z":79.54499816894531},"rotation":{"x":-0.3371005654335022,"y":-0.000918893376365304,"z":0.00008405764674535021,"w":-0.9415359497070313},"size":4.573780536651611,"orthographic":false}